Type,Name,Description,Cost
FERTILIZER,UREA(PRILLED),46-0-0,1.539.19
FERTILIZER,UREA(GRANULAR),46-0-0,"1,583.78"
FERTILIZER,AMMOSUL,21-0-0,752.56
FERTILIZER,COMPLETE,14-14-14,"1,462.89"
FERTILIZER,AMMOPHOS M,16-20-0,"1,361.42"
FERTILIZER,URIATEOF  POTASH,0.0-60 18-46-0,"1,492.00"
FERTILIZER,DIAMMONIUM PHOSPHATE,,
HERBICIDE,Racumin/50g,COUMATETRALYL,P52.60
HERBICIDE,Ratkil,ZINC PHOSPHIDE,
HERBICIDE,Ratol,ZINC PHOSPHIDE,
HERBICIDE,Rat-X/sachet,ZINC PHOSPHIDE,P25.75
HERBICIDE,Storm/sachet,FLOCOUMAFEN,P25.75
HERBICIDE,Zinc Phosphide/sachet,ZINC PHOSPHIDE,P23.5
HERBICIDE,Bayluscide,NICLDSAMIDE  ETHANOLAHINE,
HERBICIDE,Bavunel,METALDEHE,
HERBICIDE,Cmarron,,
HERBICIDE,Hit,NICLOSAMIDE &NICLDSAMIDE ETHANOLAMINE,
HERBICIDE,Hit 700WP,NICLDSAMIDE ETHANOLAMINE SALT,
HERBICIDE,Maskada,NICLDSAMIDE ETHANOLAMINE SALT,
HERBICIDE,Moluxide,"METALDEHVDE,NICLOSAMIDE,& NICLDSAMIDE ETHANOLAMINE",
HERBICIDE,Nicloma,ATCLOSAMIDE ETHANOLAMIN SALT,
HERBICIDE,Parakuhol,NICLOSAMIDE &NICLOSAMIDE ETHANOLAMINE,
HERBICIDE,Primalex,NIGLD AMIDE ETHANOLAMINR,
HERBICIDE,Sakuhol,METAI.DEHYDE,
HERBICIDE,Shatte,NICLOSAMIDE ETHANOLAMINE,
HERBICIDE,Snail Free,,
HERBICIDE,Snailmate 70WP,NOCLOSAMIDE   ETHANOLAMINE,
HERBICIDE,Snailkill,NICLDSAMIDE   ETHANOLAMINE,
HERBICIDE,SurekiH,,
HERBICIDE,Tagluscide,NICLOSAMIDE ETHANULAMINE,
HERBICIDE,Viso-Balt,METALDEHVDE,
HERBICIDE,Antracol,PROPINEB,P617.50
HERBICIDE,Amor,THIOPHANATE METHYL,"P1,850.00"
HERBICIDE,Armure 250ML,DIFENOCDNAZOLE+,P732.50
HERBICIDE,Benomax/Box,RENOMYL,"P1,850.00"
HERBICIDE,Daconi,CHLDROTHALONTL,P943.80
HERBICIDE,Dithame,MANCOZEB,P586.75
HERBICIDE,Dithane M45,MANCDZEB,P624.00
HERBICIDE,Fungitox/ box,THUOPHANATE METHYL,P633.75
HERBICIDE,Fungufree,BENOMYL/MANCOZEB,P424.83
HERBICIDE,Funguran/box,COPPER HYDROXIDE,P750.00
HERBICIDE,Funguran OH,COPPER HY DROXIDE,P787.57
HERBICIDE,Ganazeb,MANCOZEB,P515.00
HERBICIDE,Kocide,COPPER HYDROXIDE,P942.50
HERBICIDE,Manager,MANCUZEB,
HERBICIDE,Mancozeb,MANCOZEB,P492.00
HERBICIDE,Mangat,MANCUZEB,P150.00
HERBICIDE,Nandox,,"P1,346.25"
HERBICIDE,Redeem,,P400
HERBICIDE,Score,DIFENOCONAZOLE,
HERBICIDE,Tango 70WP,ETHYL,"P1,874.75"
HERBICIDE,Topsin,THIOPHANATE METHV1,P336.67
HERBICIDE,Torogi Blue,MANCO2RP,
HERBICIDE,Advance,BUTACHLOR+PROPANIL,
HERBICIDE,2-4D Ester,"2,4-D IBE",P662.80
HERBICIDE,Agrobonds,BUTACHLOR+PROPANL,P339.40
HERBICIDE,Agroxone,MPCA,P620.83
HERBICIDE,Cleanzone,GLYPHOSATE IPA,P401.88
HERBICIDE,Clear-out,GLYPHOSATEIPA,
HERBICIDE,Frontier,CYHALOFOP-BUTYL+,P908.21
HERBICIDE,Ground Phus,GLYPHOSATEIPA,
HERBICIDE,frass Zern,GLYPHOSATEIPA,P550.42
HERBICIDE,Glvphobest,2.4-D AMINE,
HERBICIDE,Hedon,,P373.75
HERBICIDE,Hero,BUTACHLOR+PROPANL,P504.90
HERBICIDE,Machete,,P610.00
HERBICIDE,Mower,BISPYRIBAC SODIUM,P679.92
HERBICIDE,Nominge,,P540.00
HERBICIDE,P-max/500ml,GLYPHOSATEIPA,1426.25
HERBICIDE,Pyanchor Ultra,PYRIBENZOXIM+CYHALOFOP BUTYL,"P1,250.00"
HERBICIDE,Round ue,GLYPHOSATEIPA,"P1,460.00"
HERBICIDE,Run Up,A,P504.17
HERBICIDE,Sharp Shooter,GLYPHOSATE IPA,
HERBICIDE,Shine,GLYPHOSATEIPA,P446.67
HERBICIDE,Slash,GLYPHOSATEIPA,P522.50
HERBICIDE,Square off,GLYP 0SATE IPA,P540.00
HERBICIDE,Sofit,CLYPHOSATEIPA,P995.00
HERBICIDE,Spitfire,GLYPHOSATE IPA,"P1,139.50"
HERBICIDE,Triple B/gal,GLYPHOSATE IPA,"P1,290"
PESTICIDE,Agro Cypermethrin,,
PESTICIDE,Cymbush,,
PESTICIDE,Bushwhack,,
PESTICIDE,Chix,,
PESTICIDE,Bida,,
PESTICIDE,Karate,,
PESTICIDE,Kriss,,
PESTICIDE,Lannate,,
PESTICIDE,Brodan,,
PESTICIDE,Malathion EC,,
PESTICIDE,Prevathon,,
PESTICIDE,"COMPLETE 2,4-D AMINE",,
PESTICIDE,FARMERS ATRAZINE,,
PESTICIDE,BENOLATE 50 WP,,
PESTICIDE,GRASSCUTTER 70 EC,,
PESTICIDE,BIOFURAN 3G,,
PESTICIDE,GRANTAP 50 SP,,
PESTICIDE,TORPEDO 5 EC,,
PESTICIDE,GRADER 48 SL,,
PESTICIDE,TRACTOR 5 SC,,
PESTICIDE,RPG 2.5 EC,,
PESTICIDE,FARMER'S MALATHION,,
PESTICIDE,TRUZEB 80 WP,,
PESTICIDE,GOLDEN K,,
PESTICIDE,SELECTONE 50 EC,,
PESTICIDE,"TOP 2,4-D AMINE",,
PESTICIDE,"ACCESS 2,4-D ESTER",,
PESTICIDE,HI-OCTANE 75 SP,,
PESTICIDE,ACCESS ATRAZINE,,
PESTICIDE,BENLIGHT,,
PESTICIDE,MACHO 60 EC,,
PESTICIDE,CLEANFIELD,,
PESTICIDE,OCHO 85 WP,,
PESTICIDE,EURODAN 3 G,,
PESTICIDE,DIAMOND 50 SP,,
PESTICIDE,DR. NEIL 75 WP,,
PESTICIDE,WORMGUN,,
PESTICIDE,SUPREMO EC,,
PESTICIDE,AZUDIN EC,,
PESTICIDE,BULLET 5 EC,,
PESTICIDE,CHECK 2.5 EC,,
PESTICIDE,DYNAMITE SL HERBICIDE,,
PESTICIDE,MEGATON,,
PESTICIDE,5 STAR GENERAL,,
PESTICIDE,ACCESS MALATHION 57 EC,,
PESTICIDE,ATTAIN M-80,,
PESTICIDE,SNAILGUN,,
PESTICIDE,LYNETTE,,
PESTICIDE,SPEED 70 WP,,
PESTICIDE,LEAPSTICK I,,
PESTICIDE,DMA 3.34 LBS/USG,,
PESTICIDE,WEEDTROL 40 EC,,
PESTICIDE,BENTRAZINE 80 WP,,
PESTICIDE,AGCHEM BENOMYL 50 WP,,
PESTICIDE,CONVOY 50 EC,,
PESTICIDE,BUTACHEM,,
PESTICIDE,REWARD 60 EC,,
PESTICIDE,TORNADO 60 EC,,
PESTICIDE,TWISTER 70 EC,,
PESTICIDE,TAMEX 360 EC,,
PESTICIDE,THUNDER 50SP,,
PESTICIDE,SUPER BLAZER 30 EC,,
PESTICIDE,TERMICON 48 EC,,
PESTICIDE,GAROTE EC,,
PESTICIDE,AMDA,,
PESTICIDE,DELTA 2.5 EC,,
PESTICIDE,GLYKIL 160SL,,
PESTICIDE,KROSS OUT,,
PESTICIDE,SUMO 2.5 EC,,
PESTICIDE,KARET 40,,
PESTICIDE,META BAIT 6% PELLETS,,
PESTICIDE,PORSNAIL 75 WP,,
PESTICIDE,SNAILKIL 6% P,,
PESTICIDE,DOS 55 WP,,
PESTICIDE,TARGET 25 EC,,
PESTICIDE,CALIBER 70 WP,,
PESTICIDE,ULTIMATE 50 EC,,
PESTICIDE,TRIDEM 860 OL,,
PESTICIDE,"STAR 2,4-D AMINE",,
PESTICIDE,"STAR 2,4-D ESTER",,
PESTICIDE,ATRAMAIZE,,
PESTICIDE,AGENOMYL 50 WP,,
PESTICIDE,AVANCE',,
PESTICIDE,FURAGRAN 3G,,
PESTICIDE,STAR CARTAP,,
PESTICIDE,CYPERSTAR,,
PESTICIDE,STAR LAMBDA,,
PESTICIDE,STAR MALATHION,,
PESTICIDE,METAKIL,,
PESTICIDE,STARKIL 70 WP,,
PESTICIDE,FIGHT-S,,
PESTICIDE,BLOCKADE 480 SL,,
PESTICIDE,PROVIN 85 WP,,
PESTICIDE,BARRAGE 50 SP,,
PESTICIDE,SENTINEL 75 WP,,
PESTICIDE,FIST 5 EC,,
PESTICIDE,SUPPRESS 2.5 EC,,
PESTICIDE,ACHIEVE 2.5 EC,,
PESTICIDE,PROZEB 80 WP,,
PESTICIDE,BUTATAF 60 E,,
PESTICIDE,PADAN 4G,,
PESTICIDE,PADAN 50 SP,,
PESTICIDE,DANTOTSU 16 WSG,,
PESTICIDE,SUMI-EIGHT 12.5 WP,,
PESTICIDE,SUMI-ALPHA 2.5 EC,,
PESTICIDE,SUMITHION 40 WDP,,
PESTICIDE,WAZARY 10 FL,,
PESTICIDE,TAKE OFF 10 SC,,
PESTICIDE,PLEO 10 EC,,
PESTICIDE,SAPROL EC,,
PESTICIDE,FRECONIL 720 SC,,
PESTICIDE,IMPREZ 42 SC,,
PESTICIDE,INTEGRA 86 OL,,
PESTICIDE,GERMITROL 400,,
PESTICIDE,TURBO 10 G,,
PESTICIDE,TURBO 3 G,,
PESTICIDE,TURBO 5 G,,
PESTICIDE,VIVO 500 SC,,
PESTICIDE,VIVO 720 SC,,
PESTICIDE,VANZEB 412 F,,
PESTICIDE,VANZEB 600 OS,,
PESTICIDE,VANZEB 75 WDG/DF,,
PESTICIDE,VANZEB 80 WP,,
PESTICIDE,LUCID 250 EC,,
PESTICIDE,LUCID 50 WP,,
PESTICIDE,LUCID 70 WP,,
PESTICIDE,TRIMORPH 86 OL,,
PESTICIDE,TOP KILL,,
PESTICIDE,TOP GUN 2.5 EC,,
PESTICIDE,BARON 720 SC,,
PESTICIDE,DAMONTRESS 60 EC,,
PESTICIDE,AGROPOINT CARTAP,,
PESTICIDE,C-TREX,,
PESTICIDE,SPECTRA 2.5 EC,,
PESTICIDE,METAFORCE,,
PESTICIDE,ROBODAX 70 WP,,
PESTICIDE,CYPRO 5 EC,,
PESTICIDE,KHULOSCIDE 70 WP,,
PESTICIDE,AGWAY ATRAZINE 80 WP,,
PESTICIDE,TALSTAR 10 WP,,
PESTICIDE,VICTORY 85 WP,,
PESTICIDE,FURADAN 10 G,,
PESTICIDE,FURADAN 5 G,,
PESTICIDE,FREE 75 WP,,
PESTICIDE,VESSEL 300 EC,,
PESTICIDE,ADER 5 EC,,
PESTICIDE,DECIS M 2.5 EC,,
PESTICIDE,GRASSOUT 160,,
PESTICIDE,TEKWEED 480 SL,,
PESTICIDE,DELIVER 2.5 EC,,
PESTICIDE,AGWAY MALATHION 57 EC,,
PESTICIDE,AGRICOTE MZ 80 WP,,
PESTICIDE,STRENGTH 40 SP,,
PESTICIDE,SANAZOLE 250 EC,,
PESTICIDE,BANGUARD GRANULFO,,
PESTICIDE,MAS ATRAZINE 80 WP,,
PESTICIDE,MIDAS,,
PESTICIDE,BROADBAND 50 SP,,
PESTICIDE,BINGO 5 EC,,
PESTICIDE,CLEAN-CUT 48 SL,,
PESTICIDE,LLMADO 25 EC,,
PESTICIDE,LLAMADO 70 WP,,
PESTICIDE,SONIC 60 EC,,
PESTICIDE,INGRAM 50 SP,,
PESTICIDE,ROVER,,
PESTICIDE,SIGA 300 EC,,
PESTICIDE,FUNGURAN-OH,,
PESTICIDE,MAGNUM 5 EC,,
PESTICIDE,SHARPSHOOTER,,
PESTICIDE,FUNGAFLOR 50 L,,
PESTICIDE,FUNGAFLOR 75 SP,,
PESTICIDE,BIDA 2.5 EC,,
PESTICIDE,MICRON 80 WP,,
PESTICIDE,PYANCHOR 5 EC,,
PESTICIDE,ORIG 5 EC,,
PESTICIDE,MACHISMO 60 EC,,
PESTICIDE,VIRA 5 EC,,
PESTICIDE,CONQUER,,
PESTICIDE,SPITFIRE,,
PESTICIDE,ALJAY MANCOZEB 80 WP,,
PESTICIDE,VISO-BAIT 6% P,,
PESTICIDE,LASER 70 WP,,
PESTICIDE,VISOKILL 25 EC,,
PESTICIDE,NORDOX 50 WP,,
PESTICIDE,"SHELTER 2,4-D AMINE",,
PESTICIDE,"SHELL 2,4-D ESTER",,
PESTICIDE,CROPGUARD 50 WP,,
PESTICIDE,SPARROW 50 SP,,
PESTICIDE,ATTACK 5R,,
PESTICIDE,TORCH 2.5 EC,,
PESTICIDE,NINJASTAR 6% PELLETS,,
PESTICIDE,SWIPE 70 WP,,
PESTICIDE,CARBINE 50 SP,,
PESTICIDE,KOCIDE 101,,
PESTICIDE,KOCIDE DF 2000,,
PESTICIDE,BULL'S EYE INSECTICIDE,,
PESTICIDE,ONE-UP,,
PESTICIDE,SPRAY MO,,
PESTICIDE,ARMAS 2.5 EC,,
PESTICIDE,SHOTGUN DF,,
PESTICIDE,SHOTGUN-M,,
PESTICIDE,SUPER VISOCOL 70 WP,,
PESTICIDE,VISOCOL 50 WP,,
PESTICIDE,CHAMP DP,,
PESTICIDE,CHAMPION WP,,
PESTICIDE,KLEEN UP 480 AS,,
PESTICIDE,SHOGUN 800,,
PESTICIDE,ALJAY ATRAZINE 80 WP,,
PESTICIDE,AMIHAN 5 EC,,
PESTICIDE,LUTAS 70 WP,,
PESTICIDE,BONITA 700 WP,,
PESTICIDE,KORBUSH 5 EC,,
PESTICIDE,BUHAWI,,
PESTICIDE,VALA 5 EC,,
PESTICIDE,INSTAR 50 SP,,
PESTICIDE,DEFENSA 5 EC,,
PESTICIDE,BIOZEB,,
PESTICIDE,TOPNOTCH,,
PESTICIDE,ORTHENE/ACETAM 75 SP,,
PESTICIDE,NOMINEE 100 SC,,
PESTICIDE,CAPTAN 50 WP,,
PESTICIDE,BANKO 720 SC,,
PESTICIDE,BANKO 75 WP,,
PESTICIDE,SELECT 120 EC,,
PESTICIDE,DIAGRAN 5 G,,
PESTICIDE,DIAZINON 60 EC,,
PESTICIDE,Product Name,,
PESTICIDE,OSHIN 20 SG,,
PESTICIDE,POLIDO 2.5 EC,,
PESTICIDE,TREBON 10 EW,,
PESTICIDE,TREBON 30 EC,,
PESTICIDE,TREFIC 20 WP,,
PESTICIDE,BELLKUTE 40 WP,,
PESTICIDE,SURFACTANT A-100,,
PESTICIDE,PROCONAZOLE 25 EC,,
PESTICIDE,SATURN 60 EC,,
PESTICIDE,SATURN S,,
PESTICIDE,SATURN D,,
PESTICIDE,GRASSEDGE 800 EC,,
PESTICIDE,SATUNIL 600 EC,,
PESTICIDE,STARBUNCH 0.1%,,
PESTICIDE,"SHARP 2,4-D AMINE",,
PESTICIDE,ALTO 50 SP,,
PESTICIDE,WIPER 5EC,,
PESTICIDE,NET 250 EC,,
PESTICIDE,NET 70 WP,,
PESTICIDE,ATABRON 5 E,,
PESTICIDE,ONECIDE 15 EC,,
PESTICIDE,FROWNCIDE 50 SC,,
PESTICIDE,NEMATHORIN 10G,,
PESTICIDE,HUSKY,,
PESTICIDE,MISTAH 5 EC,,
PESTICIDE,WONDER JEM 70 WP,,
PESTICIDE,LUTENSOL A8,,
PESTICIDE,STEDFAST TC,,
PESTICIDE,BASAGRAN 48 EC,,
PESTICIDE,PERFEKTHION 40 EC,,
PESTICIDE,ACROBAT MZ,,
PESTICIDE,KUMULUS DF,,
PESTICIDE,OPAL 7.5 EC,,
PESTICIDE,ASCEND 50 SC,,
PESTICIDE,REGENT 0.3 GR,,
PESTICIDE,SIEGE PRO FIRE ANT BAIT,,
PESTICIDE,HERBADOX 33 E,,
PESTICIDE,CABRIO 25 EC,,
PESTICIDE,COUNTER 10 G,,
PESTICIDE,CALIXIN 86 OL,,
PESTICIDE,HEDONAL LIQ. SL 400,,
PESTICIDE,ACETAM 75 SP,,
PESTICIDE,ACTIVO 22 SC,,
PESTICIDE,BENSUL 10 WP,,
PESTICIDE,BULLDOCK 025 EC,,
PESTICIDE,NOMINEE 100 OF,,
PESTICIDE,NOMINEE 400 SC,,
PESTICIDE,BAYCOR 300 DC,,
PESTICIDE,HOPCIN 50 EC,,
PESTICIDE,BOLO 60 EC,,
PESTICIDE,SEVIN 50 WP,,
PESTICIDE,SEVIN 85 WP,,
PESTICIDE,STIX 480 EC,,
PESTICIDE,FUERZA 10 G,,
PESTICIDE,FUERZA 3 G,,
PESTICIDE,FUERZA 5 G,,
PESTICIDE,RAMPAGE 50 SP,,
PESTICIDE,DACONIL 2787 50 WP,,
PESTICIDE,DACONIL 2787 75 WP,,
PESTICIDE,DACONIL 500 SC,,
PESTICIDE,DEACON 720 SC,,
PESTICIDE,DEACON 75 WP,,
PESTICIDE,RADOR 262.5 EC,,
PESTICIDE,CUPRAVIT OB 21 50 WP,,
PESTICIDE,VITIGRAN BLUE 58 WP,,
PESTICIDE,RACUMIN DUST,,
PESTICIDE,BAYTHROID 0125 EC,,
PESTICIDE,BAYTHROID 050 EC,,
PESTICIDE,SHERPA 5 EC,,
PESTICIDE,DECIS 2.5 EC,,
PESTICIDE,DECIS R,,
PESTICIDE,DIURON 80 WP,,
PESTICIDE,HINOSAN 300 EC,,
PESTICIDE,ETHREL 10 SL,,
PESTICIDE,ETHREL PGR 48 SL,,
PESTICIDE,MOCAP 10 G,,
PESTICIDE,SUNRICE 15 WDG,,
PESTICIDE,RICESTAR EC,,
PESTICIDE,RICESTAR XTRA,,
PESTICIDE,LEBAYCID 50 EC,,
PESTICIDE,LECSPRO 44WP,,
PESTICIDE,AGENDA 2.5 EC,,
PESTICIDE,FENOS SC 480,,
PESTICIDE,DRAGO 60 WP,,
PESTICIDE,ALIETTE 80 WP,,
PESTICIDE,ALIETTE 800 WG,,
PESTICIDE,BASTA 15 SL,,
PESTICIDE,AXLE 160 SL,,
PESTICIDE,GLYNER 480 SL,,
PESTICIDE,ADMIRE 5 WP,,
PESTICIDE,CLIMAX 200 SL,,
PESTICIDE,CONFIDOR 100 SL,,
PESTICIDE,GAUCHO 70 WS,,
PESTICIDE,PREMISE 200 SC,,
PESTICIDE,PROVADO SUPRA 050 EC,,
PESTICIDE,ROVRAL 50 WP,,
PESTICIDE,ROVRAL AQUA FLO,,
PESTICIDE,MELODY DUO,,
PESTICIDE,ETROFOLAN 50 WP,,
PESTICIDE,TAMARON 600 SL,,
PESTICIDE,MESUROL 50 WP,,
PESTICIDE,SENCOR 70 WP,,
PESTICIDE,BAYLUSCIDE 250 EC,,
PESTICIDE,ULTIMO EC 200,,
PESTICIDE,ULTIMO EC 225,,
PESTICIDE,BAYLUSCIDE 50 WP,,
PESTICIDE,TRAP 70 WP,,
PESTICIDE,TOPSTAR 60 EC,,
PESTICIDE,RONSTAR 25 EC,,
PESTICIDE,RONSTAR 2G,,
PESTICIDE,NEMACUR 10 G,,
PESTICIDE,NEMACUR 400EC,,
PESTICIDE,PENNANT 50 EC,,
PESTICIDE,VINDEX PLUS,,
PESTICIDE,AGRISOL A-150 K,,
PESTICIDE,OMEGA 45 EC,,
PESTICIDE,OMEGA 45 EW,,
PESTICIDE,PREVICUR-N,,
PESTICIDE,ANTRACOL 70 WG,,
PESTICIDE,ANTRACOL 70 WP,,
PESTICIDE,SIGANEX 600 SC,,
PESTICIDE,IMPULSE EC 500,,
PESTICIDE,FOLICUR 25 WP,,
PESTICIDE,FOLICUR 430 SC,,
PESTICIDE,LARVIN 350 FS,,
PESTICIDE,BAYLETON 25 WP,,
PESTICIDE,BAYFIDAN 3 G,,
PESTICIDE,HERCULES 20 EC,,
PESTICIDE,HOESTICK,,
PESTICIDE,DIPTEREX 95 SP,,
PESTICIDE,TEGA 075 EC,,
PESTICIDE,TWIST 125 EC,,
PESTICIDE,ZINC PHOSPHIDE 80 DP,,
PESTICIDE,BERRIS 60 EC,,
PESTICIDE,SHOOT 85 WP,,
PESTICIDE,PADIM 50 SP,,
PESTICIDE,VENGEANCE 500 SC,,
PESTICIDE,VENGEANCE 720 SC,,
PESTICIDE,VENGEANCE 75 WP,,
PESTICIDE,ZOOM 5 EC,,
PESTICIDE,WHIZZ 2.5 EC,,
PESTICIDE,KLARO 160 SL,,
PESTICIDE,KLARO 480 SL,,
PESTICIDE,EXCALIBUR 2.5 EC,,
PESTICIDE,FORCE 40 SP,,
PESTICIDE,ADIOS 25 EC,,
PESTICIDE,FLIP 50 WP,,
PESTICIDE,FLIP 700 WP,,
PESTICIDE,OX STAR 25 EC,,
PESTICIDE,BULB 24 EC,,
PESTICIDE,TIPTOP 70 WP,,
PESTICIDE,AUSTAR PLANT GROWTH REGULATOR,,
PESTICIDE,EASY 5 EC,,
PESTICIDE,HALT,,
PESTICIDE,HOPCIDE 50 EC,,
PESTICIDE,WOKTAP 50 SP,,
PESTICIDE,PERFEK 31.5 EC,,
PESTICIDE,SMASH 5 EC,,
PESTICIDE,OSHIN 20 SG,,
PESTICIDE,DASH 30 EC,,
PESTICIDE,TREBON EXCEL 10 EC,,
PESTICIDE,TANISTAR 160 AS,,
PESTICIDE,TRI STAR 170 SL,,
PESTICIDE,WEED BAN,,
PESTICIDE,BIOSTADT MALATHION 57 EC,,
PESTICIDE,REDEEM 420 SC,,
PESTICIDE,REDEEM 750 WDG,,
PESTICIDE,REDEEM 80 WP,,
PESTICIDE,BIOTRAP,,
PESTICIDE,RATKIL ZINC PHOSPHIDE 80% BAIT,,
PESTICIDE,BIOACT WG,,
PESTICIDE,WINNER 5 EC,,
PESTICIDE,ECHO 720 SC,,
PESTICIDE,AGRICOTE MZ 80 WP,,
PESTICIDE,BEN KILLRAT,,
PESTICIDE,F-4 DAN 3G,,
PESTICIDE,SUPER M 5 EC,,
PESTICIDE,SNAIL FREE 250 EC,,
PESTICIDE,SAVINGS 85 WP,,
PESTICIDE,BAFURAN 3G,,
PESTICIDE,POKER 5 EC,,
PESTICIDE,DIPEL WP,,
PESTICIDE,XENTARI WDG,,
PESTICIDE,KLIK 700 EC,,
PESTICIDE,CHOPPER 85 S,,
PESTICIDE,BOLTRIN 50 SP,,
PESTICIDE,WEAPON 5 EC,,
PESTICIDE,DECIDE 2.5 EC,,
PESTICIDE,BERELEX TABLET,,
PESTICIDE,PROGIBB TABLET,,
PESTICIDE,BURNDOWN 160 AS,,
PESTICIDE,CLEANZONE IPA 480 SL,,
PESTICIDE,DITHANE M-45 NEOTEC WP,,
PESTICIDE,HIT 250 EC,,
PESTICIDE,HIT 700 WP,,
PESTICIDE,GOAL 24 EC,,
PESTICIDE,TOPSHOT 60 OD,,
PESTICIDE,GF-120 FRUIT FLY BAIT,,
PESTICIDE,MIMIC 20 F,,
PESTICIDE,JARGON 80 WP,,
PESTICIDE,KWEGGER 85 WP,,
PESTICIDE,SYNTAX 720 SC,,
PESTICIDE,TELGAR 500 SC,,
PESTICIDE,TRUNIL 75 WP,,
PESTICIDE,KOP-HYDROXIDE 50 WP,,
PESTICIDE,FLASH 5 EC,,
PESTICIDE,RYDER 2.5 EC,,
PESTICIDE,RECKON 80 WP,,
PESTICIDE,RAINFAST 80 WP,,
PESTICIDE,WILD KID 40 SP,,
PESTICIDE,NIX 70 WP,,
PESTICIDE,TANGO 70 WP,,
PESTICIDE,"2,4-D AMINE 40 EC",,
PESTICIDE,"2,4-D ESTER 40 EC",,
PESTICIDE,CYBERTH ATRAZINE 80 WP,,
PESTICIDE,HYPER 50 WP,,
PESTICIDE,HERO 70 EC,,
PESTICIDE,MACRO 85 WP,,
PESTICIDE,OVER-ALL 50 SP,,
PESTICIDE,WARRIOR 31.5,,
PESTICIDE,KNOCK OUT 5 EC,,
PESTICIDE,CYBERTH MALATHION 57 EC,,
PESTICIDE,WONDER 80 WP,,
PESTICIDE,SAVAGE 6% PELLET,,
PESTICIDE,SHATTER 70 WP,,
PESTICIDE,JURO 5 EC,,
PESTICIDE,"SENSOR 6% PELLET

ENSPRAY N",,
PESTICIDE,SK ENSPRAY 99,,
PESTICIDE,VERSA 7,,
PESTICIDE,RATSADA 3 G,,
PESTICIDE,TEX 5 EC,,
PESTICIDE,ELECTRO,,
PESTICIDE,SNAIL -X,,
PESTICIDE,2-(-3 CHLOROPHENOXY) PROPIONIC A,,
PESTICIDE,"

CHLORDREX",,
PESTICIDE,DEGESCH PHOSTOXIN,,
PESTICIDE,DETIA GAS EX-B,,
PESTICIDE,DETIA GAS EX-T,,
PESTICIDE,DETIA PHOSPHINE PELLETS,,
PESTICIDE,DEGESCH MAGTOXIN,,
PESTICIDE,DEGESCH PLATES/STRIPS,,
PESTICIDE,PRIMERA CARBOFURAN 3G,,
PESTICIDE,GLADIATOR 75 WDG,,
PESTICIDE,LORSBAN 3E,,
PESTICIDE,LORSBAN 40 EC,,
PESTICIDE,NURELLE D,,
PESTICIDE,CLINCHER 100 EC,,
PESTICIDE,TELONE II,,
PESTICIDE,INDAR 2F,,
PESTICIDE,PRO AXIS 15 CS,,
PESTICIDE,GLYPHOMAX,,
PESTICIDE,GALLANT SUPER,,
PESTICIDE,RECRUIT II,,
PESTICIDE,DITHANE 600 OS,,
PESTICIDE,DITHANE F-448,,
PESTICIDE,DITHANE RAINSHIELD,,
PESTICIDE,SAVIOR 80 WP,,
PESTICIDE,RAINBOW 25 OF,,
PESTICIDE,TORDON 101 MIXTURE,,
PESTICIDE,GF-120 NATURALYTE FRUITFLY BAIT,,
PESTICIDE,SUCCESS NATURALYTE 25 SC,,
PESTICIDE,GARLON 4,,
PESTICIDE,LONDAX WP,,
PESTICIDE,HYVAR X WEEDKILLER,,
PESTICIDE,FURADAN 3 G,,
PESTICIDE,MARSHAL 25 ST,,
PESTICIDE,PREVATHON SC,,
PESTICIDE,EQUATION PRO 52.5 DF,,
PESTICIDE,AMMO 5 EC,,
PESTICIDE,KARMEX WEEDKILLER,,
PESTICIDE,MAGISTER 10 EC,,
PESTICIDE,TRINEB 80 WP,,
PESTICIDE,MICROTHIOL DF,,
PESTICIDE,CITRUS LUSTER 213,,
PESTICIDE,ELITE CYPER 5 EC,,
PESTICIDE,ELITE GLYPHOSATE 160,,
PESTICIDE,ELITE NICLOSAMIDE 70 WP,,
PESTICIDE,EMBRIN 5 EC,,
PESTICIDE,ROMECTIN 1.8 EC,,
PESTICIDE,VIRTOUSO AS,,
PESTICIDE,TURBOMAX 700 EC,,
PESTICIDE,GOLDAZIM 500 SC,,
PESTICIDE,CARE TOP 50 SP,,
PESTICIDE,TERMINUS 480 EC,,
PESTICIDE,BIG SHOT 5 EC,,
PESTICIDE,2FAST 2.5 EC,,
PESTICIDE,FUNGIZEB 80 WP,,
PESTICIDE,KUIK 40 SP,,
PESTICIDE,TEBUCOZ 430 SC,,
PESTICIDE,JIANGNONG 50 WP,,
PESTICIDE,PORTIVO 160 SC,,
PESTICIDE,MC-ZEB 80 WP,,
PESTICIDE,TRACER 5 EC,,
PESTICIDE,BARBER 70 EC,,
PESTICIDE,AGROFURAN 3G,,
PESTICIDE,ALL-OUT 50 SP,,
PESTICIDE,RIGHT TRAC 720 SC,,
PESTICIDE,G-FORCE,,
PESTICIDE,GPS 480 g/L,,
PESTICIDE,EVER MALATHION 57 EC,,
PESTICIDE,EVER MANCOZEB 80 WP,,
PESTICIDE,MATURE 25 SC,,
PESTICIDE,D'CHOICE 50 EC,,
PESTICIDE,NIXXIN 86 OL,,
PESTICIDE,25 KARAT,,
PESTICIDE,PRIME 6 P,,
PESTICIDE,ALCURE 5 EC,,
PESTICIDE,SAKTO 480 SL,,
PESTICIDE,GLY-FLO MAX,,
PESTICIDE,SIGTROL 86 OL,,
PESTICIDE,BIFLEX 10 TC,,
PESTICIDE,BIFLEX 2.5 EC,,
PESTICIDE,STARBUNCH 0.1%,,
PESTICIDE,APACHE 10 G,,
PESTICIDE,APACHE 100 ME,,
PESTICIDE,APACHE 200 CS,,
PESTICIDE,ADVANTAGE 5 G,,
PESTICIDE,POSSE 200 SC,,
PESTICIDE,PARTNER 40 DF,,
PESTICIDE,COMMAND 3 ME,,
PESTICIDE,COMMAND PLUS 600 EC,,
PESTICIDE,ARRIVO 5 EC,,
PESTICIDE,AUTHORITY 480 SC,,
PESTICIDE,MAX-4 TC,,
PESTICIDE,AGWAY 50 WP,,
PESTICIDE,BIOCIT,,
PESTICIDE,THIOPHANATE M 70 WP,,
PESTICIDE,"GEM 2,4-D AMINE",,
PESTICIDE,"GEM 2,4-D ESTER",,
PESTICIDE,GAPASCYTHE 600 EC,,
PESTICIDE,FORWARD 700 EC,,
PESTICIDE,GEMTRAK 50 SP,,
PESTICIDE,GARDENIL 500 SC,,
PESTICIDE,LEBRON 160,,
PESTICIDE,GEM MALATHION 57 EC,,
PESTICIDE,SPOTTER 6% PELLET,,
PESTICIDE,MASO 70 WP,,
PESTICIDE,MINX 500 SC,,
PESTICIDE,GLIDER 720 SC,,
PESTICIDE,KICK 70 WP,,
PESTICIDE,BRUTAL 5 EC,,
PESTICIDE,ZECURE+3 EC,,
PESTICIDE,AMBUSH 5 EC,,
PESTICIDE,THYLATE 80 WG,,
PESTICIDE,MOMENTUM 50 WP,,
PESTICIDE,DUO-KILL 70 EC,,
PESTICIDE,PENTAGON 85 WP,,
PESTICIDE,UNITAP 50 SP,,
PESTICIDE,BODYGUARD 5 EC,,
PESTICIDE,ARSENAL 2.5 EC,,
PESTICIDE,TITANIC 80 WP,,
PESTICIDE,THIOMETH 70 WP,,
PESTICIDE,ANDARI 70 EC,,
PESTICIDE,M-TAP 50 SP,,
PESTICIDE,SNAIL FREE 70 WP,,
PESTICIDE,GREENGUARD 5 EC,,
PESTICIDE,GREENBLAST 80 WP,,
PESTICIDE,FUMITOXIN,,
PESTICIDE,D'GRAND,,
PESTICIDE,PRO DONE,,
PESTICIDE,HQ TURBONIL,,
PESTICIDE,ResQ,,
PESTICIDE,RUP GOLD,,
PESTICIDE,SUPER PWR,,
PESTICIDE,AUTOKILL 2.5 EC,,
PESTICIDE,HQ MALATHION,,
PESTICIDE,CURAZEB M-80,,
PESTICIDE,LAN8 PLUS,,
PESTICIDE,ACCORD 5 EC,,
PESTICIDE,BUENAS 50 SP,,
PESTICIDE,LAKAS 5 EC,,
PESTICIDE,MARZEB 80 WP,,
PESTICIDE,INDUKILL 5% EC,,
PESTICIDE,INDUKLEER 41,,
PESTICIDE,INDUZEB 800 WP,,
PESTICIDE,"ICTC 2,4-D AMINE",,
PESTICIDE,"ICTC 2,4-D ESTER EC",,
PESTICIDE,ICTC ATRAZINE 80 WP,,
PESTICIDE,ICTC BENOMYL 50 WP,,
PESTICIDE,EXCELLENT 60 EC,,
PESTICIDE,SEVEN ELEVEN 85 WP,,
PESTICIDE,ICTC CARBOFURAN 3G,,
PESTICIDE,PREVENT 50 SP,,
PESTICIDE,AGRONIL 720 SC,,
PESTICIDE,PYRIFOS 300 EC,,
PESTICIDE,X-PRESS METHRIN 5 EC,,
PESTICIDE,THESIS 2.5 EC,,
PESTICIDE,MASSIVE,,
PESTICIDE,WEED BLASTER,,
PESTICIDE,ICTC MALATHION,,
PESTICIDE,ICTC MANCOZEB,,
PESTICIDE,KUHOLKIL 6% PELLET,,
PESTICIDE,KWIK CURE,,
PESTICIDE,YURO 250 EC,,
PESTICIDE,YURO 70 WP,,
PESTICIDE,PROVEN 500 EC,,
PESTICIDE,EAGA PYRITILENE PLASTICS,,
PESTICIDE,"SUPER 2,4-D AMINE",,
PESTICIDE,"SUPER 2,4-D ESTER",,
PESTICIDE,SUPER ATRAZINE 80 WP,,
PESTICIDE,FUNDAZOL 50 WP,,
PESTICIDE,SUPER HERBICIDE 700 EC,,
PESTICIDE,SUPERSEVEN 85 WP,,
PESTICIDE,SUPER CARTAP 50 SP,,
PESTICIDE,DACONIL 720 SC,,
PESTICIDE,CYCLONE 5 EC,,
PESTICIDE,SUPERQUICK 2.5 EC,,
PESTICIDE,IVA DIURON 80 WP,,
PESTICIDE,IVAZEB 600 OS,,
PESTICIDE,IVAZEB 80 WP,,
PESTICIDE,SUPERKILL 70 WP,,
PESTICIDE,XYNERGY MAX 5 EC,,
PESTICIDE,MIRACLE AMINE,,
PESTICIDE,"WEEDKILL 2,4-D",,
PESTICIDE,BENOSTAR 50 WP,,
PESTICIDE,CHIX 2.5 EC,,
PESTICIDE,APPLAUD 10 WP,,
PESTICIDE,APPLAUD 25 SC,,
PESTICIDE,SHIELD 72 SC,,
PESTICIDE,HOME TREK,,
PESTICIDE,DANTOP,,
PESTICIDE,LEGEND 2.5 EC,,
PESTICIDE,SUMITHION 50 EC,,
PESTICIDE,SUMICIDIN 3 EC,,
PESTICIDE,SLASH,,
PESTICIDE,TRIMANGOL 42 SC,,
PESTICIDE,VONDOZEB PLUS,,
PESTICIDE,AGROXONE S,,
PESTICIDE,BAYONET 6% PELLETS,,
PESTICIDE,PORSNAIL PLUS 75 WP,,
PESTICIDE,RICE SAVER 25 SC,,
PESTICIDE,SUREKILL 70 WP,,
PESTICIDE,PACLO 25 SC,,
PESTICIDE,SOLIGNUM BROWN,,
PESTICIDE,WOODSHIELD BROWN,,
PESTICIDE,WOODSHIELD CLEAR,,
PESTICIDE,"SOLIGNUM COLOURLESS

SOLIGNUM COLOURLESS AZ",,
PESTICIDE,BANEX 86 OL,,
PESTICIDE,SAPROL,,
PESTICIDE,SLAYER 85 WP,,
PESTICIDE,LAGARAW 70 EC,,
PESTICIDE,GANADRIN 85 WP,,
PESTICIDE,GADAN 50 SP,,
PESTICIDE,ARROW 5 EC,,
PESTICIDE,KAINGIN 160,,
PESTICIDE,RUN-UP,,
PESTICIDE,INFERNO 2.5 EC,,
PESTICIDE,GANAZEB 80 WP,,
PESTICIDE,MASKADA 70 WP,,
PESTICIDE,SERENADE AS,,
PESTICIDE,MYCOTROL ES,,
PESTICIDE,PREPONA 700 EC,,
PESTICIDE,AMERICANO 85 WP,,
PESTICIDE,MINER 50 SP,,
PESTICIDE,ALTERNIL 720 SC,,
PESTICIDE,PYCHLOREX 300 EC,,
PESTICIDE,HYDROXIDE SUPER 77 WP,,
PESTICIDE,DREXEL DIAZINON 600 EC,,
PESTICIDE,DREXEL DIURON 80 DF,,
PESTICIDE,FOSTONIC 80 WP,,
PESTICIDE,ALERT 2.5 EC,,
PESTICIDE,DREXEL MALATHION 57 EC,,
PESTICIDE,ROSTOP 40 SP,,
PESTICIDE,SNAIL OUT 50 WP,,
PESTICIDE,TURBOCONAZOLE 25 EC,,
PESTICIDE,MILTOP 70 WP,,
PESTICIDE,TOKALIX 86 OL,,
PESTICIDE,SHOOTER 5 EC,,
PESTICIDE,"EXTERRA REQUIEM TERMITE BAIT

FOCUS TERMITE ATTRACTANT",,
PESTICIDE,PANDA 50 WP,,
PESTICIDE,SHAVER 70 EC,,
PESTICIDE,CURADAN,,
PESTICIDE,FUJITAP 50 SP,,
PESTICIDE,ALARM 5 EC,,
PESTICIDE,GARAND 2.5 EC,,
PESTICIDE,JUSTHANE,,
PESTICIDE,SU TO KILL 6% PELLET,,
PESTICIDE,"SHELL 2,4-D AMINE",,
PESTICIDE,"KEMISTAR 2,4-D ESTER",,
PESTICIDE,TREMOR EC,,
PESTICIDE,BARYL 85 WP,,
PESTICIDE,PATRAK 50 SP,,
PESTICIDE,BOSSING 720 SC,,
PESTICIDE,BOSSING 75 WP,,
PESTICIDE,CHLORFOS 300 EC,,
PESTICIDE,CHLORFOS 480 EC,,
PESTICIDE,CIPO 5 EC,,
PESTICIDE,KEMISTAR GLYPHO 480 SL,,
PESTICIDE,KUTTER 160 g/L SL,,
PESTICIDE,ARNIS 2.5 EC,,
PESTICIDE,KUHOLKIL,,
PESTICIDE,PACZOL 25 SC,,
PESTICIDE,CONAZOLE 25 EC,,
PESTICIDE,KEMISTAR TRIDEMORPH 86 OL,,
PESTICIDE,HELMET 5 EC,,
PESTICIDE,DECIS S 2.5 EC,,
PESTICIDE,PINNACLE 5 EC,,
PESTICIDE,BLUEZATE 800,,
PESTICIDE,SUNSPRAY 8N,,
PESTICIDE,SCUD 5 EC,,
PESTICIDE,PISON 70 WP,,
PESTICIDE,FIRST 5 EC,,
PESTICIDE,"LEADS AGRI. 2,4-D AMINE",,
PESTICIDE,AMETREX 80 WP,,
PESTICIDE,ATRAMET COMBI 80 WP,,
PESTICIDE,ATRAKORN 80 WP,,
PESTICIDE,BLADE 60 EC,,
PESTICIDE,ADVICE 70 EC,,
PESTICIDE,FURADAN ULTRA 3G,,
PESTICIDE,LEADS MARSHAL 200 SC,,
PESTICIDE,LEADS MARSHAL 25 ST,,
PESTICIDE,CARTAP ES,,
PESTICIDE,CIVIL 75 WP,,
PESTICIDE,LEADONIL 500 SC,,
PESTICIDE,ODEON 720 SC,,
PESTICIDE,LEADREX TC,,
PESTICIDE,ALAKDAN 300,,
PESTICIDE,BUGBUSTER 5 EC,,
PESTICIDE,DIAZOL 40 EC,,
PESTICIDE,DIAZOL 60 EC,,
PESTICIDE,STARKLE 20 SG,,
PESTICIDE,TOP ACE,,
PESTICIDE,LEADTHREL 480 SL,,
PESTICIDE,LEADMARK 3 EC,,
PESTICIDE,MOWER,,
PESTICIDE,MOWER PLUS,,
PESTICIDE,CHAKU 2.5 EC,,
PESTICIDE,AFALON 50 WP,,
PESTICIDE,LEADCORP MALATHION 57 EC,,
PESTICIDE,ETHANE 75 DF,,
PESTICIDE,MANAGER 42 SC,,
PESTICIDE,STOP 6 % PELLETS,,
PESTICIDE,MATADOR 600 SC,,
PESTICIDE,SURE 250 EC,,
PESTICIDE,NICLOS M,,
PESTICIDE,RIMON 10 EC,,
PESTICIDE,SK ENSPRAY N,,
PESTICIDE,AGIL 100 EC,,
PESTICIDE,BUMPER 25 EC,,
PESTICIDE,LEADRITE 25 EC,,
PESTICIDE,ORIUS 430 SC,,
PESTICIDE,HUNTER 10 G,,
PESTICIDE,ARMOR,,
PESTICIDE,VERSUS 50 SP,,
PESTICIDE,TRIGGER 5 EC,,
PESTICIDE,LENIN MANCOZEB 80 WP,,
PESTICIDE,ODEON 500 SC,,
PESTICIDE,PYRITILENE 20 PE M/B,,
PESTICIDE,BUTANIL 700 EC,,
PESTICIDE,X-14 CARTAP BLUE,,
PESTICIDE,CAPETAN 5 EC,,
PESTICIDE,SLUG OUT,,
PESTICIDE,TM 70% WP,,
PESTICIDE,MAGNET 5 EC,,
PESTICIDE,CLEAN CUT 480 SL,,
PESTICIDE,LIDER,,
PESTICIDE,KRYPTON 2.5 EC,,
PESTICIDE,EZKILL,,
PESTICIDE,ROYALZEB 80 WP,,
PESTICIDE,SUPERSMAK 5 EC,,
PESTICIDE,SUPER LAMBDA 2.5 EC,,
PESTICIDE,MEGATHRIN 5 EC,,
PESTICIDE,MRJ CYPERMETHRIN,,
PESTICIDE,METABROM,,
PESTICIDE,BASAMID-G,,
PESTICIDE,GLYPHOS 8,,
PESTICIDE,MODEL 5 EC,,
PESTICIDE,SUPER DJ 70 WP,,
PESTICIDE,BEN-ON-TIME,,
PESTICIDE,BIODAN 3 G,,
PESTICIDE,ROYAL CARTAP,,
PESTICIDE,KILLER 5 EC,,
PESTICIDE,DECIMATE 2.5 EC,,
PESTICIDE,WIPE OUT 160 g/L,,
PESTICIDE,YEAR ROUND 480 g/L,,
PESTICIDE,REVOLT 2.5 EC,,
PESTICIDE,MONARCH MALATHION,,
PESTICIDE,BIOZEB 455 SC,,
PESTICIDE,BIOZEB 600 OS,,
PESTICIDE,BIOZEB 80 WP,,
PESTICIDE,EMTHANE 42 SC,,
PESTICIDE,EMTHANE 75 WG,,
PESTICIDE,ESCARGO 70% WP,,
PESTICIDE,BREAK-THRU,,
PESTICIDE,TOPS 70 WP,,
PESTICIDE,MACHETE EC,,
PESTICIDE,ROGUE EC,,
PESTICIDE,ADVANCE EC,,
PESTICIDE,DIREK 800,,
PESTICIDE,ROUNDUP 7900,,
PESTICIDE,ROUNDUP MAX,,
PESTICIDE,BRONCHO,,
PESTICIDE,POWER SUPRATECH,,
PESTICIDE,POWER,,
PESTICIDE,ROUNDUP SL,,
PESTICIDE,ROUND-UP BIOSORB,,
PESTICIDE,SUPER MALATHION 57 EC,,
PESTICIDE,SEIKO 5 EC,,
PESTICIDE,PARE 5 EC,,
PESTICIDE,SURVIVOR WP 70,,
PESTICIDE,ULTIMATUM COPPER HYDROXIDE 77,,
PESTICIDE,ULTIMATUM 5 EC,,
PESTICIDE,NYDREL 480,,
PESTICIDE,BELORAN 400 SL,,
PESTICIDE,BENZYL 50 WP,,
PESTICIDE,SPUR 50 SP,,
PESTICIDE,CONQUEROR 5 EC,,
PESTICIDE,TROOP 80 WP,,
PESTICIDE,PASPAS,,
PESTICIDE,SIGNATURE 500 SC,,
PESTICIDE,THALONIL,,
PESTICIDE,THALONIL 720 SC,,
PESTICIDE,SABEDONG 5 EC,,
PESTICIDE,NS ORGANIC GLYPHOSATE,,
PESTICIDE,NS WASH OUT,,
PESTICIDE,NS MALATHION,,
PESTICIDE,NS-D-10 PLUS,,
PESTICIDE,KANNABIS 40 SP,,
PESTICIDE,PAKSIAT,,
PESTICIDE,CYBEST 5 EC,,
PESTICIDE,BULLDOZER 50 WP,,
PESTICIDE,CYPER ORACLE 5 EC,,
PESTICIDE,LC ORACLE 2.5 EC,,
PESTICIDE,BOMBER 5 EC,,
PESTICIDE,TERMITE-X 48 EC,,
PESTICIDE,WOODSAVER BROWN,,
PESTICIDE,WOODSAVER CLEAR,,
PESTICIDE,PROCURE 50 WP,,
PESTICIDE,CAPTURE 5 EC,,
PESTICIDE,MALATHION 57 EC,,
PESTICIDE,MEBROM,,
PESTICIDE,ZAPUL 5 EC,,
PESTICIDE,"AGROW 2,4-D AMINE",,
PESTICIDE,BENOPHYL 50 WP,,
PESTICIDE,HERBIMIX 70 EC,,
PESTICIDE,PHILTAP 50 SP,,
PESTICIDE,BIGATHRIN 5 EC,,
PESTICIDE,AGROWZATE,,
PESTICIDE,BIGBOSS 2.5 EC,,
PESTICIDE,AGROW MCPA K SALTS,,
PESTICIDE,Product Name,,
PESTICIDE,KUHOL 6% PELLETS,,
PESTICIDE,NICLOCIDE 70 WP,,
PESTICIDE,KAFIL 10 EC,,
PESTICIDE,THIRAM 80 WG,,
PESTICIDE,PBD,,
PESTICIDE,PJ MALATHION,,
PESTICIDE,VIBORA 50 WP,,
PESTICIDE,EXTREME 50 SP,,
PESTICIDE,BANTER 48 TC,,
PESTICIDE,ATPAR 31.5 EC,,
PESTICIDE,KAISAKA CYPERMETHRIN 5 EC,,
PESTICIDE,KYRPTON 70 WP,,
PESTICIDE,LUCKY 5 EC,,
PESTICIDE,PLANTERS ATRAZINE 80 WP,,
PESTICIDE,VENOM 50 WP,,
PESTICIDE,CARVIL 50 EC,,
PESTICIDE,EXCEED 70 EC,,
PESTICIDE,FORTEIN 85 WP,,
PESTICIDE,SUPERGRAN 3G,,
PESTICIDE,VEGETOX 50 SP,,
PESTICIDE,TERMEX 48 EC,,
PESTICIDE,BRODAN 31.5 EC,,
PESTICIDE,BUSHWACK 5 EC,,
PESTICIDE,IMPACT 2.5 EC,,
PESTICIDE,PARAPEST D 400 EC,,
PESTICIDE,PARAPEST D 600 EC,,
PESTICIDE,ENFORCE 160 SC,,
PESTICIDE,PLANTERS GLYPHOSATE 480,,
PESTICIDE,DESCARTE 2.5 EC,,
PESTICIDE,PLANTERS MALATHION 57 EC,,
PESTICIDE,PARAFUNGUS 75 WG/DF,,
PESTICIDE,PARAFUNGUS 80 WP,,
PESTICIDE,AQUADIN 6% PELLETS,,
PESTICIDE,HYTOX 50 WP,,
PESTICIDE,AQUADIN 25 EC,,
PESTICIDE,AQUADIN 70 WP,,
PESTICIDE,PLANTERS ENSPRAY 99,,
PESTICIDE,ELEKTRON 500 EC,,
PESTICIDE,FUNGITOX 70 WP,,
PESTICIDE,RATOXIN P,,
PESTICIDE,CLEAROUT 41 PLUS,,
PESTICIDE,STANDOUT,,
PESTICIDE,CROPSHIELD,,
PESTICIDE,QUICKPHOS,,
PESTICIDE,CENTRO 5 EC,,
PESTICIDE,TIPID 5 EC,,
PESTICIDE,RAVEN 70% WP,,
PESTICIDE,RAJA 5 EC,,
PESTICIDE,PESTEMIC 50 SP,,
PESTICIDE,PHYTON,,
PESTICIDE,RADISSON ACEPHATE,,
PESTICIDE,RADISSON ATRAZINE 80 WP,,
PESTICIDE,RADI-MEKTIN 1.8 EC,,
PESTICIDE,RADISSON BENOMYL 50 WP,,
PESTICIDE,BURADO 60 EC,,
PESTICIDE,ERASER 70 EC,,
PESTICIDE,PHANTOM 85 WP,,
PESTICIDE,RADIZIM 50 WP,,
PESTICIDE,RADISSON CARBOFURAN 10 G,,
PESTICIDE,RADISSON CARBOFURAN 3G,,
PESTICIDE,TEPOK 50 SP,,
PESTICIDE,VALIANT 720 SC,,
PESTICIDE,VALIANT 75 WP,,
PESTICIDE,LYNTOX 300 EC,,
PESTICIDE,LYNTOX 480 EC,,
PESTICIDE,DUAL ACTION EC,,
PESTICIDE,COMBAT 5 EC,,
PESTICIDE,RADISSON DELTAMETHRIN 2.5 EC,,
PESTICIDE,RADISSON DIURON 80 WP,,
PESTICIDE,P-MAX,,
PESTICIDE,P-PLUS 160 SC,,
PESTICIDE,TERMINATOR 2.5 EC,,
PESTICIDE,RADISSON MALATHION 57 EC,,
PESTICIDE,RADISSON MANCOZEB 80 WP,,
PESTICIDE,SNAIL BAIT,,
PESTICIDE,MATRIX 40 SP,,
PESTICIDE,CONTROL 250 EC,,
PESTICIDE,CONTROL 70 WP,,
PESTICIDE,PROFECRON 500 EC,,
PESTICIDE,THIO-MET 70 WP,,
PESTICIDE,X-RAT 1% P,,
PESTICIDE,LABAN 5 EC,,
PESTICIDE,BIONIC 5 EC,,
PESTICIDE,BIOKILL 6% P,,
PESTICIDE,"ARIES HEAD-ONE 2,4-D AMINE",,
PESTICIDE,"RNE 2,4-D ESTER",,
PESTICIDE,ACENDERO ATRAZINE 80 WP,,
PESTICIDE,BENLEAF 50 WP,,
PESTICIDE,PANDAY 60 EC,,
PESTICIDE,AHEAD 70 EC,,
PESTICIDE,CARBASEAL,,
PESTICIDE,PUREDAN 3G,,
PESTICIDE,KATAPAT 50 SP,,
PESTICIDE,FUNGUNIL 720 SC,,
PESTICIDE,ANAY BAN,,
PESTICIDE,BUG-DOWN 31.5 EC,,
PESTICIDE,SUPERMETHRIN 5 EC,,
PESTICIDE,JAGUAR 2.5 EC,,
PESTICIDE,RNE DIURON 80 WP,,
PESTICIDE,GRASS ZERO,,
PESTICIDE,SOLAR 160 SC,,
PESTICIDE,BUGSEEK 2.5 EC,,
PESTICIDE,ARIES MANCOZEB,,
PESTICIDE,KUHOL BUSTER 6% PELLET,,
PESTICIDE,LANCET 40 SP,,
PESTICIDE,SNAILMATE 250 EC,,
PESTICIDE,SNAILMATE 70 WP,,
PESTICIDE,BARAKO 500 EC,,
PESTICIDE,APRUB 5 EC,,
PESTICIDE,NOVASATE 480 SL,,
PESTICIDE,AVANTE EC,,
PESTICIDE,SERVWEL CARBARYL,,
PESTICIDE,SERVWEL MALATHION 57 EC,,
PESTICIDE,SHARPHIL 5 EC,,
PESTICIDE,SHARPIL MALATHION 57 EC,,
PESTICIDE,EAGLE PLUS,,
PESTICIDE,TOROGI BLUE,,
PESTICIDE,JOLINA 2.5 EC,,
PESTICIDE,ZUKOL 70 WP,,
PESTICIDE,BLB STOPPER,,
PESTICIDE,SPI PYRITILINE POLYBAGS,,
PESTICIDE,DEVRON TC,,
PESTICIDE,STANFILCO CHLORPYRIFOS IMPREGN,,
PESTICIDE,SANDATA 5 EC,,
PESTICIDE,BOOST 500 SC,,
PESTICIDE,AGRI-MEK 1.8 EC,,
PESTICIDE,AMISTAR 25 SC,,
PESTICIDE,BANKIT 25 SC,,
PESTICIDE,KLERAT W/ BITREX 0.005% WAX,,
PESTICIDE,CYMBUSH 5 EC,,
PESTICIDE,PROBUILD TC,,
PESTICIDE,TRIGARD 75 WP,,
PESTICIDE,PEGASUS 250 SC,,
PESTICIDE,SCORE 250 EC,,
PESTICIDE,SICO 250 EC,,
PESTICIDE,ARMURE 300 EC,,
PESTICIDE,ANVIL 5 SC,,
PESTICIDE,KARATE 2.5 EC,,
PESTICIDE,KARATE W/ ZEON TECHNOLOGY,,
PESTICIDE,ALIKA 247 ZC,,
PESTICIDE,MATCH 050 EC,,
PESTICIDE,APRON XL 350 ES,,
PESTICIDE,RIDOMIL GOLD MZ68 WP,,
PESTICIDE,DOBLADO 55 WP,,
PESTICIDE,RIDOMIL GOLD MZ 68 WG,,
PESTICIDE,KUHZAK 25 EC,,
PESTICIDE,KUHZAK 70 WP,,
PESTICIDE,CULTAR 25 SC,,
PESTICIDE,GRAMOXONE 20 SL,,
PESTICIDE,ACTELLIC 25 EC,,
PESTICIDE,ACTELLIC 50 EC,,
PESTICIDE,SOFIT 300 EC,,
PESTICIDE,SOLNET 500 EC,,
PESTICIDE,SELECRON 500 EC,,
PESTICIDE,TILT 250 EC,,
PESTICIDE,CHESS 50 WG,,
PESTICIDE,AL-100 TS,,
PESTICIDE,ACTARA 25 WG,,
PESTICIDE,SYSTEMIC 3 G,,
PESTICIDE,SYSTEMIC CARTAP 50 SP,,
PESTICIDE,TAMARAW 5 EC,,
PESTICIDE,"TEAMAGRO 2,4-D",,
PESTICIDE,TEAMAGRO ATRAZINE 80 WP,,
PESTICIDE,SURE WIN,,
PESTICIDE,ACE 700 EC,,
PESTICIDE,QUADRO 85 WP,,
PESTICIDE,KING 5 EC,,
PESTICIDE,JAKPOT 2.5 EC,,
PESTICIDE,ATRAK-KILL 6% PELLETS,,
PESTICIDE,QUEEN 25 EC,,
PESTICIDE,TRICE 70 WP,,
PESTICIDE,PROPI 25% EC,,
PESTICIDE,AMATEX 80 WP,,
PESTICIDE,TEXICON ATRAZINE 80 WP,,
PESTICIDE,TEXAMYL 50 WP,,
PESTICIDE,BRIFUR 10 G,,
PESTICIDE,BRIFUR 3G,,
PESTICIDE,CENTRO TERMITEK,,
PESTICIDE,ROCKET 5 EC,,
PESTICIDE,TEXICON FOSETHYL-AL 80 WP,,
PESTICIDE,BURNER 160,,
PESTICIDE,GLYPHOTEX,,
PESTICIDE,ARIBA 2.5 EC,,
PESTICIDE,MANCOTEX 420 SC,,
PESTICIDE,MANCOTEX 80 WP,,
PESTICIDE,BAGYO 40 SP,,
PESTICIDE,CRUSHER 250 EC,,
PESTICIDE,CRUSHER 70 WP,,
PESTICIDE,OXATEX 25 EC,,
PESTICIDE,MASCO 500 EC,,
PESTICIDE,TRIDENT 86 OL,,
PESTICIDE,TIMBER GUARD MEDIUM BROWN,,
PESTICIDE,TIMBER GUARD CLEAR,,
PESTICIDE,TERRAGUARD 48 EC,,
PESTICIDE,ZORRO 5 EC,,
PESTICIDE,DAREDEVIL,,
PESTICIDE,CYHATEX 2.5 EC,,
PESTICIDE,PACMAN SUPER CARTAP,,
PESTICIDE,BARENA 50 SP,,
PESTICIDE,AGRO CYPERMETHRIN 5 EC,,
PESTICIDE,NUFILM-17,,
PESTICIDE,BANOLE OIL 60,,
PESTICIDE,"TRANSWORLD 2,4-D ESTER",,
PESTICIDE,MOSPILAN 3 EC,,
PESTICIDE,DIACARB 50 EC,,
PESTICIDE,PROCIN 25 WP,,
PESTICIDE,SADAM-O 70 EC,,
PESTICIDE,TRANSOCARB 85 WP,,
PESTICIDE,DIAFURAN 10 G,,
PESTICIDE,DIAFURAN 3 G,,
PESTICIDE,DIAFURAN 5 G,,
PESTICIDE,TRAC 50 SP,,
PESTICIDE,TRANSONIL 500 SC,,
PESTICIDE,TRANSONIL 720 SC,,
PESTICIDE,KOTETSU 10 SC,,
PESTICIDE,CYREN 300 EC,,
PESTICIDE,CYCARB 31.5 EC,,
PESTICIDE,ORTUS 5 SC,,
PESTICIDE,DRY-UP 160 SL,,
PESTICIDE,DRY-UP 480 SL,,
PESTICIDE,NISSORUN 5 EC,,
PESTICIDE,FUJI-ONE 40 EC,,
PESTICIDE,TRANZEB 412 F,,
PESTICIDE,TRANZEB 455 FC,,
PESTICIDE,TRANZEB 600 OS,,
PESTICIDE,TRANZEB 80 WP,,
PESTICIDE,MIPCIN 50 WP,,
PESTICIDE,MOLUXIDE 250 EC,,
PESTICIDE,MOLUXIDE 70 WP,,
PESTICIDE,TRANSOFOS 50 EC,,
PESTICIDE,TRANZOLE 25 EC,,
PESTICIDE,NABU-S,,
PESTICIDE,TRANSWORLD SULFUR 800 DS,,
PESTICIDE,TOPSIN-M 70 WP,,
PESTICIDE,TRANSOMORPH 86 OL,,
PESTICIDE,TRIFMINE 30 WP,,
PESTICIDE,TRIBAND,,
PESTICIDE,LIBRA 5 EC,,
PESTICIDE,TRIZEB 80 WP,,
PESTICIDE,TECONIL 720 SC,,
PESTICIDE,DEAL 5 EC,,
PESTICIDE,MASTRA DIURON 80 WP,,
PESTICIDE,CUTDOWN 160 SL,,
PESTICIDE,CUTDOWN 170 SL,,
PESTICIDE,DITHANE OS 600,,
PESTICIDE,"TOP AGRO 2,4-D AMINE",,
PESTICIDE,UNITED AGRO ATRAZINE 80 WP,,
PESTICIDE,BUTACHLOR 600 EC,,
PESTICIDE,AGROBONDS 70 EC,,
PESTICIDE,UNITED AGRO CARBARYL,,
PESTICIDE,UNITED AGRO CARBOFURAN,,
PESTICIDE,AGROTAP 50 SP,,
PESTICIDE,CLOTANIL,,
PESTICIDE,CLOTHANIL 720 SC,,
PESTICIDE,PARAULOD 300 EC,,
PESTICIDE,CYPERMETHRIN 5 EC,,
PESTICIDE,AGRO DELTAMETHRIN,,
PESTICIDE,TOP AGRO DIURON,,
PESTICIDE,FOSALUM,,
PESTICIDE,GROUND PLUS 480,,
PESTICIDE,TOWER SC,,
PESTICIDE,CARAT 2.5 EC,,
PESTICIDE,AGRO MALATHION 57 EC,,
PESTICIDE,AGROZEB 80 WP,,
PESTICIDE,AGRONET SP,,
PESTICIDE,PARAKUHOL 250 EC,,
PESTICIDE,PARAKUHOL 70 WP,,
PESTICIDE,SECURED 500 EC,,
PESTICIDE,PRECUR 70 WP,,
PESTICIDE,CLASSIC 50 WP,,
PESTICIDE,FIELDS 5 EC,,
PESTICIDE,METHOCARE 40 SP,,
PESTICIDE,"VANN HAWK 2,4-D AMINE",,
PESTICIDE,BENLAKI 50 WP,,
PESTICIDE,VORDAN 31.5 EC,,
PESTICIDE,RESBAK,,
PESTICIDE,CARDINAL 50 SP,,
PESTICIDE,PILARICH 500 G/L FP,,
PESTICIDE,TERMINATE 48 EC,,
PESTICIDE,DESISTIN 2.5 EC,,
PESTICIDE,ALLOUETTE 80 WP,,
PESTICIDE,SUGOD 2.5 EC,,
PESTICIDE,VANN HAWK MALATHION,,
PESTICIDE,PILARZEB 80 WP,,
PESTICIDE,MEGASTAR 25 EC,,
PESTICIDE,KILABOT 500 EC,,
PESTICIDE,"TRIPLE 2,4-D AMINE",,
PESTICIDE,"VAST 2,4-D ESTER",,
PESTICIDE,FUNGUFREE PLUS,,
PESTICIDE,GRASTOP,,
PESTICIDE,CARBOMAX 3 G,,
PESTICIDE,TOP RANK 50 SP,,
PESTICIDE,BREAKER,,
PESTICIDE,VASTHRIN,,
PESTICIDE,DEMOLITION,,
PESTICIDE,DEMOLITION X,,
PESTICIDE,SLAM 2.5 EC,,
PESTICIDE,FUNGUFREE,,
PESTICIDE,SAKUHOL 6% PELLETS,,
PESTICIDE,NICLOMAX 250 EC,,
PESTICIDE,WEISSER ATRAZINE 80 WP,,
PESTICIDE,HOUSESAVER 480 EC,,
PESTICIDE,"2,4-D AMINE EC",,
PESTICIDE,"2,4-D ESTER",,
PESTICIDE,COMPETE 75 SP,,
PESTICIDE,FEZPAX 500 FW,,
PESTICIDE,FEZPAX 80 WP,,
PESTICIDE,TRAMEX COMBI 80 WP,,
PESTICIDE,ZAGRO ATRAZINE,,
PESTICIDE,ABAMEC 1.8 EC,,
PESTICIDE,HOPKILL 50 EC,,
PESTICIDE,BUTAKILL 600 EC,,
PESTICIDE,ZACARB 85 WP,,
PESTICIDE,MEGATAP 50 SP,,
PESTICIDE,BALEAR 500 SC,,
PESTICIDE,CHLORONIL 75 WP,,
PESTICIDE,CHLORMITE TC,,
PESTICIDE,X-PHOS 20 EC,,
PESTICIDE,X-PHOS 30 EC,,
PESTICIDE,X-PHOS 40 EC,,
PESTICIDE,BOMBARD 275 EC,,
PESTICIDE,HIDROCOB 77 WP,,
PESTICIDE,CYPEX 50 EC,,
PESTICIDE,PUNISH X 5.5 EC,,
PESTICIDE,DELTAMET 2.5 EC,,
PESTICIDE,NEOCIDIN 600 EC,,
PESTICIDE,XTRAGRO 10 LS,,
PESTICIDE,XTRAGRO 480 PGR,,
PESTICIDE,KILPES 3 EC,,
PESTICIDE,POUNCE 480,,
PESTICIDE,POUNDER 160,,
PESTICIDE,HEXACON 5 SC,,
PESTICIDE,MANZEB 80 WP,,
PESTICIDE,ZECTRIC 6% PELLETS,,
PESTICIDE,DETONATE 40 SP,,
PESTICIDE,STIMUKIL FLY BAIT,,
PESTICIDE,SNAILTOX 70 WP,,
PESTICIDE,CROPSTAR 25 EC,,
PESTICIDE,PREKILL 330,,
PESTICIDE,PYTOX 10 EC,,
PESTICIDE,PROPLANT,,
PESTICIDE,COSAVET DF,,
PESTICIDE,SCOPE 70 WP,,
PESTICIDE,ZAGRO ZINC PHOSPHIDE 80,,
